[
  {
    "value": "1",
    "synonyms": [
      "1",
      "Select the first one",
      "The first one",
      "Pick the first one",
      "Get the first one",
      "001",
      "First one"
    ]
  },
  {
    "value": "2",
    "synonyms": [
      "2",
      "The second one",
      "Select the second one",
      "Pick the second one",
      "Pick the second one",
      "002",
      "Second one"
    ]
  },
  {
    "value": "3",
    "synonyms": [
      "3",
      "Pick the third one",
      "Select the third one",
      "The third one",
      "Get the third one",
      "003"
    ]
  }
]