[
  {
    "id": "01caf134-5f12-4a79-b6dd-d556ad6ac9f7",
    "data": [
      {
        "text": "Book a JOYRIDE",
        "userDefined": false
      }
    ],
    "isTemplate": false,
    "count": 0,
    "updated": 1540302347
  },
  {
    "id": "6e624675-3044-4a1e-9229-8dd08b2edb94",
    "data": [
      {
        "text": "Get a JOYRIDE arrangement",
        "userDefined": false
      }
    ],
    "isTemplate": false,
    "count": 1,
    "updated": 1540302347
  },
  {
    "id": "42b14af1-8014-403d-a2f8-4f1d89104dfd",
    "data": [
      {
        "text": "I want to have a joyride",
        "userDefined": false
      }
    ],
    "isTemplate": false,
    "count": 0,
    "updated": 1540222249
  },
  {
    "id": "a02a1d8f-2abb-41a4-90c3-440f27407f6f",
    "data": [
      {
        "text": " help me to book a JOYRIDE",
        "userDefined": false
      }
    ],
    "isTemplate": false,
    "count": 0,
    "updated": 1540222249
  },
  {
    "id": "adc7befc-66f4-4f60-b73e-d517a7d08156",
    "data": [
      {
        "text": "Arrange me a JOYRIDE",
        "userDefined": false
      }
    ],
    "isTemplate": false,
    "count": 0,
    "updated": 1540222249
  },
  {
    "id": "99e69005-7218-430d-bbb3-35232223c8f0",
    "data": [
      {
        "text": "Book me a JOYRIDE",
        "userDefined": false
      }
    ],
    "isTemplate": false,
    "count": 0,
    "updated": 1540222249
  }
]