[
  {
    "id": "64e6ea5a-2932-4da1-a57b-ba70dadb3c48",
    "data": [
      {
        "text": "let search for a ",
        "userDefined": false
      },
      {
        "text": "Nissan",
        "alias": "make",
        "meta": "@make",
        "userDefined": true
      },
      {
        "text": " ",
        "userDefined": false
      },
      {
        "text": "Rogue",
        "alias": "model",
        "meta": "@model",
        "userDefined": true
      }
    ],
    "isTemplate": false,
    "count": 0,
    "updated": 1540212924
  },
  {
    "id": "d5069bb7-55ae-4734-8e5f-9700799d26cb",
    "data": [
      {
        "text": "Search for ",
        "userDefined": false
      },
      {
        "text": "Honda",
        "alias": "make",
        "meta": "@make",
        "userDefined": true
      },
      {
        "text": " ",
        "userDefined": false
      },
      {
        "text": "Accord",
        "alias": "model",
        "meta": "@model",
        "userDefined": true
      }
    ],
    "isTemplate": false,
    "count": 0,
    "updated": 1540212924
  },
  {
    "id": "398ef655-0c12-449a-a478-1029be657726",
    "data": [
      {
        "text": "find me a ",
        "userDefined": false
      },
      {
        "text": "Nissan",
        "alias": "make",
        "meta": "@make",
        "userDefined": true
      },
      {
        "text": " ",
        "userDefined": false
      },
      {
        "text": "Altima",
        "alias": "model",
        "meta": "@model",
        "userDefined": true
      }
    ],
    "isTemplate": false,
    "count": 0,
    "updated": 1540212924
  },
  {
    "id": "011e53a8-73c4-462d-9cd2-d867d7ecb7a3",
    "data": [
      {
        "text": "Nissan",
        "alias": "make",
        "meta": "@make",
        "userDefined": true
      },
      {
        "text": " ",
        "userDefined": false
      },
      {
        "text": "Altima",
        "alias": "model",
        "meta": "@model",
        "userDefined": true
      }
    ],
    "isTemplate": false,
    "count": 0,
    "updated": 1540212924
  }
]