[
  {
    "id": "42b14af1-8014-403d-a2f8-4f1d89104dfd",
    "data": [
      {
        "text": "I want to have a joyride ",
        "userDefined": false
      },
      {
        "text": "today at 2pm",
        "alias": "dateTime",
        "meta": "@sys.date-time",
        "userDefined": true
      }
    ],
    "isTemplate": false,
    "count": 0,
    "updated": 1540222249
  },
  {
    "id": "a02a1d8f-2abb-41a4-90c3-440f27407f6f",
    "data": [
      {
        "text": " help me to book a JOYRIDE ",
        "userDefined": false
      },
      {
        "text": "tomorrow at 10 a.m.",
        "alias": "dateTime",
        "meta": "@sys.date-time",
        "userDefined": true
      }
    ],
    "isTemplate": false,
    "count": 0,
    "updated": 1540222249
  },
  {
    "id": "adc7befc-66f4-4f60-b73e-d517a7d08156",
    "data": [
      {
        "text": "Arrange me a JOYRIDE on ",
        "userDefined": false
      },
      {
        "text": "December 21 at 6pm",
        "alias": "dateTime",
        "meta": "@sys.date-time",
        "userDefined": true
      }
    ],
    "isTemplate": false,
    "count": 0,
    "updated": 1540222249
  },
  {
    "id": "99e69005-7218-430d-bbb3-35232223c8f0",
    "data": [
      {
        "text": "Book me a JOYRIDE on next ",
        "userDefined": false
      },
      {
        "text": "Monday at 12 p.m.",
        "alias": "dateTime",
        "meta": "@sys.date-time",
        "userDefined": true
      }
    ],
    "isTemplate": false,
    "count": 0,
    "updated": 1540222249
  }
]