[
  {
    "id": "3bd4c34d-67b1-445a-ad2b-272b354fb70b",
    "data": [
      {
        "text": "Select the third one",
        "alias": "carSelection",
        "meta": "@car_selection",
        "userDefined": false
      }
    ],
    "isTemplate": false,
    "count": 0,
    "updated": 1540224245
  },
  {
    "id": "45298397-c25c-4192-8f35-29f7ceec62ae",
    "data": [
      {
        "text": "Second one",
        "alias": "carSelection",
        "meta": "@car_selection",
        "userDefined": false
      }
    ],
    "isTemplate": false,
    "count": 0,
    "updated": 1540224245
  },
  {
    "id": "952948f9-5cd2-4d0f-97ac-4c3cdf79d219",
    "data": [
      {
        "text": "Select the first one",
        "alias": "carSelection",
        "meta": "@car_selection",
        "userDefined": false
      }
    ],
    "isTemplate": false,
    "count": 0,
    "updated": 1540220357
  },
  {
    "id": "689ed27f-4946-4111-83a9-cad4d3061bb8",
    "data": [
      {
        "text": "Get the third one",
        "alias": "carSelection",
        "meta": "@car_selection",
        "userDefined": false
      }
    ],
    "isTemplate": false,
    "count": 0,
    "updated": 1540220357
  },
  {
    "id": "0bd9fc5d-f07e-4a1c-8ea3-2ea1730aa5d5",
    "data": [
      {
        "text": "Pick the third one",
        "alias": "carSelection",
        "meta": "@car_selection",
        "userDefined": false
      }
    ],
    "isTemplate": false,
    "count": 0,
    "updated": 1540220357
  },
  {
    "id": "73f70ccc-7010-44b4-8e20-cacd8cfb3111",
    "data": [
      {
        "text": "The second one",
        "alias": "carSelection",
        "meta": "@car_selection",
        "userDefined": false
      }
    ],
    "isTemplate": false,
    "count": 1,
    "updated": 1540220357
  }
]